-- Seed data for the real estate application
-- This populates the database with initial agents and properties

-- Insert sample users (agents)
INSERT OR IGNORE INTO users (id, email, password_hash, first_name, last_name, phone, role, email_verified) VALUES
(1, 'rogelio@2020realtors.com', '$2b$10$example_hash_1', 'Rogelio', 'Martinez', '(714) 470-4444', 'agent', TRUE),
(2, 'porfirio@2020realtors.com', '$2b$10$example_hash_2', 'Porfirio Enrique', 'Zapata', '(714) 470-4444', 'agent', TRUE),
(3, 'umberto@2020realtors.com', '$2b$10$example_hash_3', 'Umberto Frank', 'Autore Jr', '(714) 470-4444', 'agent', TRUE),
(4, 'javier@2020realtors.com', '$2b$10$example_hash_4', 'Javier Antonio', 'Sosa', '(714) 470-4444', 'agent', TRUE),
(5, 'lina@2020realtors.com', '$2b$10$example_hash_5', 'Lina', 'Levinthal', '(714) 470-4444', 'agent', TRUE),
(6, 'henry@2020realtors.com', '$2b$10$example_hash_6', 'Henry Humberto', 'Ferrufino', '(714) 470-4444', 'agent', TRUE),
(7, 'america@2020realtors.com', '$2b$10$example_hash_7', 'America', 'Sanchez', '(714) 470-4444', 'agent', TRUE),
(8, 'german@2020realtors.com', '$2b$10$example_hash_8', 'German', 'Guzman', '(714) 470-4444', 'agent', TRUE),
(9, 'rocio@2020realtors.com', '$2b$10$example_hash_9', 'Rocio', 'Medel', '(714) 470-4444', 'agent', TRUE),
(10, 'lisa@2020realtors.com', '$2b$10$example_hash_10', 'Lisa Marie', 'Schilling', '(714) 470-4444', 'agent', TRUE),
(11, 'ernie@2020realtors.com', '$2b$10$example_hash_11', 'Ernie Anthony', 'Hermosillo', '(714) 470-4444', 'agent', TRUE),
(12, 'maribel@2020realtors.com', '$2b$10$example_hash_12', 'Maribel Ruiz', 'Marin', '(714) 470-4444', 'agent', TRUE);

-- Insert agent details
INSERT OR IGNORE INTO agents (id, user_id, license_number, initials, bio, experience_years, active_listings, homes_sold, avg_days_on_market, client_satisfaction, profile_image_url, specialties, languages, certifications) VALUES
(1, 1, '01758480', 'RM', 'Rogelio brings 15 years of dedicated real estate experience to Orange County. His expertise in luxury properties and commitment to client satisfaction has made him a trusted advisor for families seeking their perfect home.', 15, 32, 180, 16, 98, 'https://images.pexels.com/photos/2379004/pexels-photo-2379004.jpeg?auto=compress&cs=tinysrgb&w=400', '["Luxury Homes", "First-Time Buyers", "Investment Properties"]', '["English", "Spanish"]', '["Certified Residential Specialist (CRS)", "Accredited Buyer''s Representative (ABR)"]'),
(2, 2, '01427100', 'PZ', 'With 25 years of experience, Porfirio is one of our most seasoned agents. His extensive knowledge of the Orange County market and commercial real estate makes him invaluable for complex transactions.', 25, 30, 320, 14, 99, 'https://images.pexels.com/photos/774909/pexels-photo-774909.jpeg?auto=compress&cs=tinysrgb&w=400', '["Commercial Properties", "Investment Analysis", "Property Development"]', '["English", "Spanish"]', '["Certified Commercial Investment Member (CCIM)", "Graduate, REALTOR® Institute (GRI)"]'),
(3, 3, '01436528', 'UJ', 'Umberto specializes in new construction and condominium sales. His attention to detail and multilingual capabilities make him perfect for international clients and those seeking modern properties.', 12, 28, 145, 18, 97, 'https://images.pexels.com/photos/1239291/pexels-photo-1239291.jpeg?auto=compress&cs=tinysrgb&w=400', '["New Construction", "Condominiums", "Relocation Services"]', '["English", "Italian", "Spanish"]', '["New Home Sales Professional", "Certified International Property Specialist (CIPS)"]'),
(4, 4, '01711103', 'JS', 'Javier''s 20 years of experience and deep knowledge of Orange County school districts make him the go-to agent for families. He understands the importance of finding the right neighborhood for growing families.', 20, 25, 250, 17, 98, 'https://images.pexels.com/photos/2182970/pexels-photo-2182970.jpeg?auto=compress&cs=tinysrgb&w=400', '["Family Homes", "School Districts", "Neighborhood Expert"]', '["English", "Spanish"]', '["Accredited Buyer''s Representative (ABR)", "Military Relocation Professional (MRP)"]'),
(5, 5, '01327698', 'LL', 'Lina specializes in luxury and waterfront properties throughout Orange County. Her 18 years of experience and multilingual skills have made her a favorite among high-end clientele.', 18, 24, 195, 15, 99, 'https://images.pexels.com/photos/1181686/pexels-photo-1181686.jpeg?auto=compress&cs=tinysrgb&w=400', '["Luxury Properties", "Waterfront Homes", "High-End Condos"]', '["English", "Russian", "Spanish"]', '["Luxury Home Marketing Specialist", "Certified Residential Specialist (CRS)"]'),
(6, 6, '02086748', 'HF', 'Henry focuses on helping first-time buyers navigate the real estate market. His expertise with FHA and VA loans has helped many families achieve their dream of homeownership.', 8, 22, 95, 20, 96, 'https://images.pexels.com/photos/1681010/pexels-photo-1681010.jpeg?auto=compress&cs=tinysrgb&w=400', '["First-Time Buyers", "FHA/VA Loans", "Affordable Housing"]', '["English", "Spanish"]', '["Accredited Buyer''s Representative (ABR)", "Military Relocation Professional (MRP)"]'),
(7, 7, '01741699', 'AS', 'America brings a unique perspective with her background in property management. She understands both the buying and rental markets, making her invaluable for investment property clients.', 9, 20, 110, 19, 97, 'https://images.pexels.com/photos/1181424/pexels-photo-1181424.jpeg?auto=compress&cs=tinysrgb&w=400', '["Residential Sales", "Property Management", "Rental Properties"]', '["English", "Spanish"]', '["Graduate, REALTOR® Institute (GRI)", "Certified Property Manager (CPM)"]'),
(8, 8, '01449730', 'GG', 'German specializes in investment properties and multi-family homes. His 15 years of experience and analytical approach help investors make informed decisions in the Orange County market.', 15, 19, 165, 16, 98, 'https://images.pexels.com/photos/1043471/pexels-photo-1043471.jpeg?auto=compress&cs=tinysrgb&w=400', '["Investment Properties", "Multi-Family Homes", "Commercial Real Estate"]', '["English", "Spanish"]', '["Certified Commercial Investment Member (CCIM)", "Real Estate Investment Specialist"]'),
(9, 9, '00924553', 'RM', 'Rocio has a special talent for helping families through major life transitions. Whether upsizing for a growing family or downsizing for retirement, she provides compassionate, expert guidance.', 12, 18, 135, 18, 98, 'https://images.pexels.com/photos/1181519/pexels-photo-1181519.jpeg?auto=compress&cs=tinysrgb&w=400', '["Family Homes", "Downsizing", "Senior Housing"]', '["English", "Spanish"]', '["Seniors Real Estate Specialist (SRES)", "Accredited Buyer''s Representative (ABR)"]'),
(10, 10, '01977038', 'LS', 'Lisa specializes in coastal properties and luxury condominiums. Her knowledge of beachfront communities and vacation rental markets makes her perfect for clients seeking coastal lifestyle properties.', 11, 17, 125, 17, 97, 'https://images.pexels.com/photos/1181690/pexels-photo-1181690.jpeg?auto=compress&cs=tinysrgb&w=400', '["Coastal Properties", "Luxury Condos", "Vacation Homes"]', '["English"]', '["Resort & Second Home Property Specialist", "Luxury Home Marketing Specialist"]'),
(11, 11, '02159616', 'EH', 'Ernie focuses on new construction and modern homes with the latest technology. His understanding of smart home features and modern amenities appeals to tech-savvy buyers.', 10, 16, 105, 19, 96, 'https://images.pexels.com/photos/1040880/pexels-photo-1040880.jpeg?auto=compress&cs=tinysrgb&w=400', '["New Construction", "Modern Homes", "Technology Integration"]', '["English", "Spanish"]', '["New Home Sales Professional", "Smart Home Technology Specialist"]'),
(12, 12, '02143212', 'MM', 'Maribel is passionate about helping first-time buyers achieve homeownership. Her patient approach and expertise in affordable housing programs have helped many young families get started.', 6, 14, 75, 21, 95, 'https://images.pexels.com/photos/1181562/pexels-photo-1181562.jpeg?auto=compress&cs=tinysrgb&w=400', '["First-Time Buyers", "Condominiums", "Affordable Housing"]', '["English", "Spanish"]', '["Accredited Buyer''s Representative (ABR)", "First-Time Home Buyer Specialist"]');

-- Insert sample properties
INSERT OR IGNORE INTO properties (id, mls_number, agent_id, title, description, address, city, state, zip_code, price, bedrooms, bathrooms, square_feet, lot_size, year_built, property_type, status, is_featured, days_on_market, neighborhood, school_district, features, keywords, main_image_url) VALUES
(1, 'ORA24701', 1, 'Stunning New Construction Home', 'This gorgeous newly built home is nestled in a tranquil residential street within the sought-after Orange neighborhood. Boasting four bedrooms and three and a half baths, this residence exudes character and warmth across its spacious 2,949 square feet of living space, situated on an expansive 5,855 square feet lot.', '420 S Hill St', 'Orange', 'CA', '92869', 180000000, 4, 3.5, 2949, '5,855 sq ft', 2024, 'Single Family Home', 'For Sale', TRUE, 5, 'Orange Hills', 'Orange Unified', '["2-Car Garage", "Open Floor Plan", "Master Suite", "Junior Suite", "Living Room", "Dining Room", "Family Room", "TV Room", "New Construction"]', '["new construction", "luxury", "family home", "orange", "hill street", "modern", "spacious", "garage"]', 'https://images.leadconnectorhq.com/image/f_webp/q_80/r_1200/u_https://storage.googleapis.com/msgsndr/OOffS0euyreSp3x4Tzkn/media/685c8b9f2c6cb14867f86ed2.jpeg'),
(2, 'IRV18432', 2, 'Contemporary Irvine Home', 'Beautiful contemporary home in prestigious Irvine location with excellent schools and community amenities.', '123 Oak Avenue', 'Irvine', 'CA', '92602', 125000000, 3, 2.5, 2100, '4,200 sq ft', 2018, 'Single Family Home', 'For Sale', FALSE, 12, 'Woodbridge', 'Irvine Unified', '["Attached Garage", "Updated Kitchen", "Hardwood Floors", "Backyard", "Community Pool"]', '["irvine", "oak avenue", "woodbridge", "contemporary", "schools", "community", "updated"]', 'https://images.pexels.com/photos/1396122/pexels-photo-1396122.jpeg?auto=compress&cs=tinysrgb&w=800'),
(3, 'CSM15789', 3, 'Charming Costa Mesa Home', 'Charming home in Costa Mesa with modern updates and close proximity to beaches and shopping.', '456 Pine Street', 'Costa Mesa', 'CA', '92627', 95000000, 3, 2, 1850, '3,800 sq ft', 2015, 'Single Family Home', 'For Sale', FALSE, 8, 'Mesa Verde', 'Newport-Mesa Unified', '["2-Car Garage", "Updated Bathrooms", "Patio", "Near Beach", "Shopping Centers"]', '["costa mesa", "pine street", "mesa verde", "beach", "shopping", "charming", "updated"]', 'https://images.pexels.com/photos/280222/pexels-photo-280222.jpeg?auto=compress&cs=tinysrgb&w=800'),
(4, 'NWB20156', 4, 'Luxury Newport Beach Estate', 'Stunning luxury home in exclusive Newport Beach location with water views and premium finishes.', '789 Luxury Lane', 'Newport Beach', 'CA', '92660', 210000000, 5, 4, 3500, '7,200 sq ft', 2020, 'Single Family Home', 'For Sale', TRUE, 3, 'Balboa Island', 'Newport-Mesa Unified', '["3-Car Garage", "Water Views", "Gourmet Kitchen", "Wine Cellar", "Pool", "Spa", "Luxury Finishes"]', '["newport beach", "luxury lane", "balboa island", "luxury", "water views", "pool", "wine cellar", "gourmet"]', 'https://images.pexels.com/photos/106399/pexels-photo-106399.jpeg?auto=compress&cs=tinysrgb&w=800'),
(5, 'HB17923', 5, 'Modern Huntington Beach Condo', 'Modern condo near the beach with contemporary design and resort-style amenities.', '321 Sunset Blvd', 'Huntington Beach', 'CA', '92648', 87500000, 2, 2, 1650, '3,200 sq ft', 2017, 'Condominium', 'For Sale', FALSE, 15, 'Downtown Huntington Beach', 'Huntington Beach Union High', '["Balcony", "Beach Access", "Fitness Center", "Rooftop Deck", "Concierge"]', '["huntington beach", "sunset blvd", "condo", "beach", "modern", "resort", "downtown"]', 'https://images.pexels.com/photos/1396132/pexels-photo-1396132.jpeg?auto=compress&cs=tinysrgb&w=800'),
(6, 'AH16445', 6, 'Elegant Anaheim Hills Home', 'Elegant home in prestigious Anaheim Hills with mountain views and premium upgrades.', '654 Garden View Dr', 'Anaheim Hills', 'CA', '92807', 145000000, 4, 3, 2650, '6,100 sq ft', 2016, 'Single Family Home', 'For Sale', FALSE, 7, 'Anaheim Hills', 'Anaheim Union High', '["3-Car Garage", "Mountain Views", "Upgraded Kitchen", "Master Suite", "Landscaped Yard"]', '["anaheim hills", "garden view", "mountain views", "elegant", "prestigious", "upgraded"]', 'https://images.pexels.com/photos/1643383/pexels-photo-1643383.jpeg?auto=compress&cs=tinysrgb&w=800'),
(7, 'TUS19667', 7, 'Modern Tustin Townhouse', 'Modern townhouse in family-friendly Tustin Ranch with excellent schools and parks nearby.', '987 Maple Court', 'Tustin', 'CA', '92780', 112500000, 3, 2.5, 1950, '4,500 sq ft', 2019, 'Townhouse', 'For Sale', FALSE, 10, 'Tustin Ranch', 'Tustin Unified', '["2-Car Garage", "Patio", "Community Amenities", "Near Parks", "Modern Design"]', '["tustin", "maple court", "townhouse", "tustin ranch", "family friendly", "parks", "schools"]', 'https://images.pexels.com/photos/1571460/pexels-photo-1571460.jpeg?auto=compress&cs=tinysrgb&w=800'),
(8, 'LB21889', 8, 'Spectacular Laguna Beach Home', 'Spectacular ocean view home in exclusive Laguna Beach with artistic design and luxury amenities.', '159 Ocean View Terrace', 'Laguna Beach', 'CA', '92651', 235000000, 4, 3.5, 2800, '5,200 sq ft', 2021, 'Single Family Home', 'For Sale', TRUE, 2, 'Top of the World', 'Laguna Beach Unified', '["Ocean Views", "Artist Studio", "Infinity Pool", "Outdoor Kitchen", "Smart Home", "Solar Panels"]', '["laguna beach", "ocean view", "terrace", "artistic", "luxury", "infinity pool", "smart home", "solar"]', 'https://images.pexels.com/photos/1571453/pexels-photo-1571453.jpeg?auto=compress&cs=tinysrgb&w=800');

-- Insert property images
INSERT OR IGNORE INTO property_images (property_id, image_url, alt_text, display_order, is_primary) VALUES
(1, 'https://images.leadconnectorhq.com/image/f_webp/q_80/r_1200/u_https://storage.googleapis.com/msgsndr/OOffS0euyreSp3x4Tzkn/media/685c8b9f2c6cb14867f86ed2.jpeg', 'Front exterior view', 1, TRUE),
(1, 'https://images.leadconnectorhq.com/image/f_webp/q_80/r_1200/u_https://storage.googleapis.com/msgsndr/OOffS0euyreSp3x4Tzkn/media/685c8b9ff90bf927d31a4d4b.jpeg', 'Living room', 2, FALSE),
(1, 'https://images.leadconnectorhq.com/image/f_webp/q_80/r_1200/u_https://storage.googleapis.com/msgsndr/OOffS0euyreSp3x4Tzkn/media/685c8b9f4669a980ca785e61.jpeg', 'Kitchen', 3, FALSE),
(1, 'https://images.leadconnectorhq.com/image/f_webp/q_80/r_1200/u_https://storage.googleapis.com/msgsndr/OOffS0euyreSp3x4Tzkn/media/685c8b9fa392d0bde20f4c4d.jpeg', 'Master bedroom', 4, FALSE),
(1, 'https://images.leadconnectorhq.com/image/f_webp/q_80/r_1200/u_https://storage.googleapis.com/msgsndr/OOffS0euyreSp3x4Tzkn/media/685c8b9ef90bf983bf1a4d48.jpeg', 'Bathroom', 5, FALSE),
(1, 'https://images.leadconnectorhq.com/image/f_webp/q_80/r_1200/u_https://storage.googleapis.com/msgsndr/OOffS0euyreSp3x4Tzkn/media/685c8b9e25f2726592724f13.jpeg', 'Backyard', 6, FALSE);